linia_lotnicza,N,srednia,mediana,std,q1,q3,pct_opozn,pct_odwol,IQR
LX,100,22.06,20.0,16.83,11.75,27.0,64.0,2.91,15.25
LS,67,25.9,19.0,24.55,9.0,33.5,53.73,0.0,24.5
SN,34,23.29,19.0,16.97,12.25,29.75,61.76,0.0,17.5
EN,48,19.73,16.0,20.78,6.75,25.0,50.0,2.04,18.25
W4,40,17.5,16.0,12.51,7.0,23.5,50.0,0.0,16.5
EZY,182,21.83,15.0,24.17,7.0,26.75,46.15,0.0,19.75
TK,52,18.54,15.0,13.98,11.0,23.25,46.15,3.7,12.25
KL,234,18.66,14.0,16.25,9.0,24.0,44.44,0.43,15.0
EJU,94,22.21,13.5,29.7,4.25,24.5,42.55,0.0,20.25
EW,49,16.59,13.0,14.44,7.0,24.0,40.82,3.92,17.0
AF,30,12.6,13.0,9.59,5.0,17.75,36.67,3.23,12.75
LO,513,16.63,13.0,16.51,8.0,20.0,38.01,1.54,12.0
EZS,38,26.21,12.5,53.7,2.5,16.75,31.58,0.0,14.25
LH,294,17.43,12.0,19.37,5.0,23.0,43.54,12.5,18.0
BA,48,17.33,10.0,24.98,5.0,20.0,35.42,0.0,15.0
FR,3415,16.45,9.0,31.74,4.0,19.0,31.1,0.61,15.0
W6,850,12.52,8.0,15.64,4.0,14.0,21.76,0.82,10.0
SK,85,9.6,7.0,11.64,1.0,12.0,14.12,2.3,11.0
AY,127,10.19,6.0,12.26,0.0,16.5,26.77,1.55,16.5
D8,71,16.69,5.0,81.24,0.5,10.0,14.08,0.0,9.5
OS,49,7.35,5.0,8.69,1.0,10.0,8.16,0.0,9.0
DY,172,6.93,4.0,9.5,0.0,9.0,15.12,0.0,9.0
